timestamps,open,high,low,close,volume,amount
2025-09-01 09:35:00,7.43,7.43,7.36,7.37,393317,290429249.0
2025-09-01 09:40:00,7.37,7.4,7.36,7.39,277150,204569871.0
2025-09-01 09:45:00,7.39,7.43,7.37,7.43,245993,181850346.0
2025-09-01 09:50:00,7.42,7.44,7.41,7.41,151446,112453276.0
2025-09-01 09:55:00,7.41,7.44,7.41,7.41,131924,97928683.0
2025-09-01 10:00:00,7.41,7.44,7.41,7.44,124651,92593541.0
2025-09-01 10:05:00,7.44,7.45,7.43,7.44,150755,112208975.0
2025-09-01 10:10:00,7.45,7.45,7.41,7.41,94781,70411850.0
2025-09-01 10:15:00,7.4,7.42,7.4,7.41,59702,44230516.0
2025-09-01 10:20:00,7.41,7.41,7.4,7.41,38856,28764105.0
2025-09-01 10:25:00,7.4,7.41,7.39,7.39,99812,73809702.0
2025-09-01 10:30:00,7.4,7.41,7.39,7.4,58039,42948614.0
2025-09-01 10:35:00,7.39,7.42,7.39,7.42,38677,28642628.0
2025-09-01 10:40:00,7.41,7.42,7.4,7.41,26395,19556176.0
2025-09-01 10:45:00,7.41,7.42,7.4,7.41,44374,32891885.0
2025-09-01 10:50:00,7.41,7.42,7.4,7.4,43332,32111262.0
2025-09-01 10:55:00,7.4,7.42,7.4,7.42,94735,70211789.0
2025-09-01 11:00:00,7.42,7.42,7.41,7.41,30692,22760483.0
2025-09-01 11:05:00,7.41,7.42,7.39,7.39,67069,49653010.0
2025-09-01 11:10:00,7.39,7.4,7.38,7.39,72342,53455152.0
2025-09-01 11:15:00,7.38,7.39,7.37,7.37,116987,86336692.0
2025-09-01 11:20:00,7.38,7.38,7.37,7.38,81498,60104353.0
2025-09-01 11:25:00,7.37,7.38,7.37,7.38,69615,51333267.0
2025-09-01 11:30:00,7.37,7.38,7.36,7.36,153807,113336289.0
2025-09-01 13:05:00,7.36,7.39,7.36,7.39,90393,66649892.0
2025-09-01 13:10:00,7.39,7.39,7.37,7.38,47108,34768615.0
2025-09-01 13:15:00,7.37,7.38,7.37,7.37,34735,25622477.0
2025-09-01 13:20:00,7.38,7.39,7.37,7.38,35024,25840855.0
2025-09-01 13:25:00,7.37,7.38,7.37,7.38,43729,32254687.0
2025-09-01 13:30:00,7.38,7.38,7.37,7.37,37916,27964906.0
2025-09-01 13:35:00,7.38,7.38,7.37,7.37,87515,64517656.0
2025-09-01 13:40:00,7.37,7.38,7.37,7.38,54333,40055006.0
2025-09-01 13:45:00,7.37,7.38,7.36,7.36,57203,42141632.0
2025-09-01 13:50:00,7.37,7.37,7.36,7.37,35942,26479715.0
2025-09-01 13:55:00,7.36,7.37,7.36,7.37,28450,20958107.0
2025-09-01 14:00:00,7.37,7.37,7.36,7.37,37946,27954449.0
2025-09-01 14:05:00,7.36,7.37,7.36,7.36,52126,38387588.0
2025-09-01 14:10:00,7.37,7.37,7.36,7.37,36635,26981313.0
2025-09-01 14:15:00,7.37,7.37,7.36,7.36,56949,41941641.0
2025-09-01 14:20:00,7.37,7.38,7.36,7.37,50128,36941807.0
2025-09-01 14:25:00,7.37,7.38,7.37,7.38,33672,24824036.0
2025-09-01 14:30:00,7.37,7.38,7.37,7.37,36798,27134570.0
2025-09-01 14:35:00,7.37,7.38,7.37,7.37,28684,21152204.0
2025-09-01 14:40:00,7.37,7.38,7.37,7.38,26450,19505529.0
2025-09-01 14:45:00,7.37,7.38,7.37,7.37,43641,32181560.0
2025-09-01 14:50:00,7.37,7.38,7.37,7.38,52880,38997238.0
2025-09-01 14:55:00,7.38,7.38,7.37,7.38,65285,48143582.0
2025-09-01 15:00:00,7.37,7.38,7.37,7.38,105942,78157182.0
2025-09-02 09:35:00,7.37,7.39,7.35,7.37,233582,172221067.0
2025-09-02 09:40:00,7.37,7.39,7.36,7.37,214240,157985009.0
2025-09-02 09:45:00,7.37,7.38,7.36,7.37,125994,92895920.0
2025-09-02 09:50:00,7.38,7.41,7.37,7.39,239887,177288613.0
2025-09-02 09:55:00,7.39,7.4,7.38,7.4,139706,103329485.0
2025-09-02 10:00:00,7.39,7.41,7.39,7.4,108614,80374559.0
2025-09-02 10:05:00,7.41,7.42,7.39,7.4,176314,130610004.0
2025-09-02 10:10:00,7.41,7.43,7.4,7.43,162496,120535371.0
2025-09-02 10:15:00,7.43,7.44,7.42,7.42,204586,152015208.0
2025-09-02 10:20:00,7.42,7.43,7.42,7.42,97472,72378115.0
2025-09-02 10:25:00,7.42,7.43,7.42,7.43,46301,34386233.0
2025-09-02 10:30:00,7.43,7.45,7.42,7.44,239492,178102659.0
2025-09-02 10:35:00,7.45,7.46,7.44,7.45,228446,170240219.0
2025-09-02 10:40:00,7.46,7.47,7.45,7.45,132379,98773356.0
2025-09-02 10:45:00,7.46,7.46,7.44,7.44,68267,50861621.0
2025-09-02 10:50:00,7.44,7.46,7.44,7.45,93732,69823997.0
2025-09-02 10:55:00,7.46,7.47,7.45,7.47,151418,112998644.0
2025-09-02 11:00:00,7.47,7.48,7.45,7.45,214096,159808337.0
2025-09-02 11:05:00,7.46,7.47,7.45,7.46,167255,124771216.0
2025-09-02 11:10:00,7.45,7.46,7.45,7.46,41558,30985554.0
2025-09-02 11:15:00,7.45,7.46,7.45,7.45,46372,34581031.0
2025-09-02 11:20:00,7.46,7.46,7.45,7.45,49894,37201886.0
2025-09-02 11:25:00,7.46,7.47,7.45,7.47,71987,53693467.0
2025-09-02 11:30:00,7.47,7.5,7.46,7.5,467607,350110963.0
2025-09-02 13:05:00,7.5,7.53,7.49,7.52,557910,418958562.0
2025-09-02 13:10:00,7.53,7.55,7.53,7.54,378551,285425690.0
2025-09-02 13:15:00,7.54,7.54,7.51,7.52,165901,124818899.0
2025-09-02 13:20:00,7.51,7.52,7.5,7.5,158200,118834018.0
2025-09-02 13:25:00,7.5,7.51,7.5,7.5,101425,76113328.0
2025-09-02 13:30:00,7.5,7.51,7.5,7.51,86616,65004277.0
2025-09-02 13:35:00,7.51,7.51,7.49,7.5,98798,74087605.0
2025-09-02 13:40:00,7.49,7.51,7.49,7.5,75559,56684895.0
2025-09-02 13:45:00,7.51,7.52,7.5,7.51,81998,61586739.0
2025-09-02 13:50:00,7.51,7.52,7.5,7.51,36585,27469805.0
2025-09-02 13:55:00,7.51,7.52,7.5,7.51,54942,41271049.0
2025-09-02 14:00:00,7.52,7.52,7.51,7.51,49064,36885693.0
2025-09-02 14:05:00,7.52,7.53,7.51,7.52,105841,79613769.0
2025-09-02 14:10:00,7.53,7.53,7.52,7.52,150654,113400141.0
2025-09-02 14:15:00,7.53,7.56,7.53,7.55,530956,400703530.0
2025-09-02 14:20:00,7.55,7.56,7.54,7.55,109828,82926819.0
2025-09-02 14:25:00,7.55,7.56,7.55,7.55,135357,102291825.0
2025-09-02 14:30:00,7.55,7.57,7.55,7.56,222105,167927663.0
2025-09-02 14:35:00,7.56,7.57,7.55,7.56,195184,147590371.0
2025-09-02 14:40:00,7.56,7.56,7.55,7.55,87247,65933649.0
2025-09-02 14:45:00,7.56,7.56,7.54,7.56,126859,95789472.0
2025-09-02 14:50:00,7.55,7.56,7.55,7.56,107490,81231151.0
2025-09-02 14:55:00,7.56,7.57,7.55,7.56,170020,128564626.0
2025-09-02 15:00:00,7.57,7.57,7.56,7.57,181867,137634291.0
2025-09-03 09:35:00,7.57,7.57,7.52,7.54,394151,297435333.0
2025-09-03 09:40:00,7.53,7.58,7.52,7.56,271760,205446941.0
2025-09-03 09:45:00,7.56,7.56,7.53,7.55,229271,172907935.0
2025-09-03 09:50:00,7.55,7.56,7.52,7.53,158851,119693989.0
2025-09-03 09:55:00,7.53,7.57,7.53,7.56,141304,106732049.0
2025-09-03 10:00:00,7.56,7.57,7.54,7.55,112976,85361002.0
2025-09-03 10:05:00,7.54,7.56,7.53,7.53,53557,40423952.0
2025-09-03 10:10:00,7.54,7.54,7.52,7.53,52370,39432358.0
2025-09-03 10:15:00,7.54,7.55,7.53,7.53,72568,54711929.0
2025-09-03 10:20:00,7.53,7.54,7.53,7.54,56930,42874774.0
2025-09-03 10:25:00,7.53,7.53,7.51,7.51,92255,69371238.0
2025-09-03 10:30:00,7.52,7.52,7.51,7.51,68628,51561482.0
2025-09-03 10:35:00,7.51,7.53,7.5,7.5,138831,104295217.0
2025-09-03 10:40:00,7.5,7.51,7.5,7.5,38677,29019955.0
2025-09-03 10:45:00,7.5,7.52,7.48,7.48,234874,176209067.0
2025-09-03 10:50:00,7.48,7.5,7.47,7.5,134186,100396934.0
2025-09-03 10:55:00,7.49,7.5,7.47,7.48,70310,52623234.0
2025-09-03 11:00:00,7.47,7.48,7.46,7.47,123268,92003872.0
2025-09-03 11:05:00,7.46,7.47,7.45,7.46,78713,58687492.0
2025-09-03 11:10:00,7.46,7.48,7.45,7.48,75029,55993909.0
2025-09-03 11:15:00,7.48,7.48,7.45,7.47,58360,43555551.0
2025-09-03 11:20:00,7.47,7.49,7.46,7.49,71503,53448200.0
2025-09-03 11:25:00,7.49,7.52,7.48,7.51,126379,94781861.0
2025-09-03 11:30:00,7.5,7.51,7.48,7.49,62292,46669640.0
2025-09-03 13:05:00,7.49,7.5,7.48,7.49,147155,110144163.0
2025-09-03 13:10:00,7.49,7.51,7.48,7.51,71406,53512739.0
2025-09-03 13:15:00,7.51,7.51,7.49,7.5,29166,21873303.0
2025-09-03 13:20:00,7.5,7.51,7.49,7.49,46562,34910270.0
2025-09-03 13:25:00,7.5,7.5,7.48,7.49,54597,40893940.0
2025-09-03 13:30:00,7.49,7.5,7.48,7.49,54956,41154250.0
2025-09-03 13:35:00,7.48,7.49,7.47,7.47,49561,37064425.0
2025-09-03 13:40:00,7.48,7.48,7.47,7.47,34565,25842985.0
2025-09-03 13:45:00,7.47,7.48,7.46,7.48,57454,42925852.0
2025-09-03 13:50:00,7.47,7.48,7.46,7.47,57822,43179299.0
2025-09-03 13:55:00,7.47,7.48,7.47,7.47,47164,35254700.0
2025-09-03 14:00:00,7.47,7.48,7.46,7.48,68370,51080290.0
2025-09-03 14:05:00,7.47,7.48,7.46,7.47,75159,56140356.0
2025-09-03 14:10:00,7.47,7.47,7.44,7.45,256697,191310980.0
2025-09-03 14:15:00,7.44,7.45,7.44,7.44,58741,43734588.0
2025-09-03 14:20:00,7.45,7.45,7.44,7.45,59658,44417038.0
2025-09-03 14:25:00,7.45,7.45,7.44,7.44,31355,23342255.0
2025-09-03 14:30:00,7.45,7.45,7.44,7.45,42363,31539994.0
2025-09-03 14:35:00,7.45,7.45,7.44,7.45,64346,47919202.0
2025-09-03 14:40:00,7.45,7.45,7.43,7.43,118096,87860898.0
2025-09-03 14:45:00,7.44,7.45,7.43,7.44,114585,85231877.0
2025-09-03 14:50:00,7.44,7.45,7.42,7.43,165896,123340362.0
2025-09-03 14:55:00,7.43,7.44,7.42,7.44,156287,116037446.0
2025-09-03 15:00:00,7.43,7.46,7.43,7.44,140767,104755530.0
2025-09-04 09:35:00,7.4,7.42,7.31,7.32,783493,576191949.0
2025-09-04 09:40:00,7.32,7.32,7.28,7.29,533799,389822531.0
2025-09-04 09:45:00,7.3,7.33,7.26,7.33,430935,313880972.0
2025-09-04 09:50:00,7.33,7.33,7.29,7.32,188594,137682880.0
2025-09-04 09:55:00,7.32,7.33,7.3,7.32,140167,102510697.0
2025-09-04 10:00:00,7.32,7.33,7.3,7.31,140367,102712578.0
2025-09-04 10:05:00,7.31,7.35,7.31,7.34,175499,128790935.0
2025-09-04 10:10:00,7.34,7.36,7.34,7.35,130588,95976830.0
2025-09-04 10:15:00,7.35,7.37,7.33,7.37,170663,125427909.0
2025-09-04 10:20:00,7.37,7.37,7.35,7.36,95272,70102138.0
2025-09-04 10:25:00,7.36,7.37,7.35,7.36,48977,36049089.0
2025-09-04 10:30:00,7.37,7.4,7.36,7.4,140067,103408652.0
2025-09-04 10:35:00,7.4,7.43,7.39,7.42,135576,100489110.0
2025-09-04 10:40:00,7.42,7.42,7.38,7.38,75650,55956846.0
2025-09-04 10:45:00,7.38,7.42,7.38,7.41,88158,65275317.0
2025-09-04 10:50:00,7.41,7.41,7.4,7.41,35605,26368856.0
2025-09-04 10:55:00,7.41,7.42,7.39,7.4,150965,111823207.0
2025-09-04 11:00:00,7.4,7.41,7.38,7.39,88089,65166370.0
2025-09-04 11:05:00,7.39,7.42,7.38,7.4,144053,106634294.0
2025-09-04 11:10:00,7.4,7.4,7.38,7.39,43574,32208829.0
2025-09-04 11:15:00,7.39,7.4,7.38,7.4,56371,41678489.0
2025-09-04 11:20:00,7.4,7.4,7.38,7.4,48898,36136595.0
2025-09-04 11:25:00,7.4,7.41,7.39,7.4,48194,35675648.0
2025-09-04 11:30:00,7.4,7.4,7.37,7.38,51733,38195813.0
2025-09-04 13:05:00,7.39,7.44,7.38,7.44,253872,188435698.0
2025-09-04 13:10:00,7.44,7.46,7.43,7.46,210304,156722103.0
2025-09-04 13:15:00,7.46,7.48,7.44,7.46,197888,147679506.0
2025-09-04 13:20:00,7.46,7.47,7.45,7.47,55872,41683655.0
2025-09-04 13:25:00,7.47,7.48,7.46,7.47,58997,44068879.0
2025-09-04 13:30:00,7.47,7.49,7.47,7.49,105396,78807143.0
2025-09-04 13:35:00,7.48,7.5,7.48,7.49,93613,70092171.0
2025-09-04 13:40:00,7.49,7.5,7.48,7.49,113394,84976666.0
2025-09-04 13:45:00,7.49,7.5,7.48,7.5,97901,73369970.0
2025-09-04 13:50:00,7.5,7.52,7.49,7.51,179767,134989266.0
2025-09-04 13:55:00,7.52,7.54,7.51,7.53,198594,149452924.0
2025-09-04 14:00:00,7.53,7.55,7.53,7.53,249615,188248260.0
2025-09-04 14:05:00,7.53,7.53,7.5,7.5,122861,92325399.0
2025-09-04 14:10:00,7.5,7.51,7.5,7.51,86544,64949149.0
2025-09-04 14:15:00,7.51,7.52,7.5,7.51,130429,98027524.0
2025-09-04 14:20:00,7.51,7.53,7.51,7.53,170547,128382862.0
2025-09-04 14:25:00,7.53,7.54,7.51,7.52,222216,167294515.0
2025-09-04 14:30:00,7.53,7.56,7.53,7.55,389558,293841251.0
2025-09-04 14:35:00,7.55,7.56,7.54,7.56,305285,230599399.0
2025-09-04 14:40:00,7.56,7.58,7.56,7.57,377200,285403898.0
2025-09-04 14:45:00,7.57,7.6,7.57,7.58,532907,404263346.0
2025-09-04 14:50:00,7.58,7.59,7.56,7.57,330548,250465842.0
2025-09-04 14:55:00,7.57,7.57,7.55,7.56,199293,150740069.0
2025-09-04 15:00:00,7.56,7.56,7.53,7.54,132171,99737372.0
2025-09-05 09:35:00,7.52,7.53,7.4,7.51,659616,493726445.0
2025-09-05 09:40:00,7.52,7.54,7.49,7.5,215285,161767608.0
2025-09-05 09:45:00,7.49,7.5,7.47,7.47,168536,126075175.0
2025-09-05 09:50:00,7.46,7.47,7.42,7.42,223417,166177061.0
2025-09-05 09:55:00,7.42,7.47,7.42,7.46,171366,127628304.0
2025-09-05 10:00:00,7.45,7.46,7.44,7.46,89154,66466248.0
2025-09-05 10:05:00,7.47,7.48,7.44,7.48,98397,73366250.0
2025-09-05 10:10:00,7.48,7.48,7.45,7.48,91562,68333872.0
2025-09-05 10:15:00,7.48,7.49,7.46,7.47,75732,56605864.0
2025-09-05 10:20:00,7.47,7.47,7.46,7.47,50862,37965811.0
2025-09-05 10:25:00,7.47,7.48,7.46,7.47,45328,33851405.0
2025-09-05 10:30:00,7.48,7.48,7.45,7.45,55883,41697601.0
2025-09-05 10:35:00,7.46,7.47,7.44,7.46,129417,96478115.0
2025-09-05 10:40:00,7.46,7.48,7.46,7.47,68223,50961303.0
2025-09-05 10:45:00,7.47,7.48,7.45,7.46,120107,89621113.0
2025-09-05 10:50:00,7.47,7.47,7.45,7.46,59923,44684944.0
2025-09-05 10:55:00,7.46,7.48,7.45,7.47,90544,67602619.0
2025-09-05 11:00:00,7.47,7.47,7.46,7.46,36636,27347545.0
2025-09-05 11:05:00,7.47,7.47,7.45,7.45,64074,47802261.0
2025-09-05 11:10:00,7.45,7.46,7.45,7.46,23679,17656658.0
2025-09-05 11:15:00,7.45,7.46,7.45,7.45,37728,28115974.0
2025-09-05 11:20:00,7.45,7.47,7.45,7.46,47867,35701032.0
2025-09-05 11:25:00,7.45,7.47,7.45,7.46,92770,69188702.0
2025-09-05 11:30:00,7.46,7.47,7.45,7.45,31012,23131504.0
2025-09-05 13:05:00,7.45,7.46,7.43,7.45,161422,120171530.0
2025-09-05 13:10:00,7.45,7.46,7.45,7.45,46878,34933961.0
2025-09-05 13:15:00,7.46,7.46,7.45,7.45,37690,28085889.0
2025-09-05 13:20:00,7.45,7.47,7.45,7.46,45524,33948182.0
2025-09-05 13:25:00,7.45,7.46,7.45,7.45,18134,13517089.0
2025-09-05 13:30:00,7.46,7.46,7.44,7.44,55998,41713163.0
2025-09-05 13:35:00,7.44,7.45,7.44,7.44,41353,30776255.0
2025-09-05 13:40:00,7.45,7.45,7.43,7.43,40734,30307832.0
2025-09-05 13:45:00,7.43,7.45,7.43,7.44,35335,26284669.0
2025-09-05 13:50:00,7.45,7.45,7.44,7.45,36068,26839502.0
2025-09-05 13:55:00,7.44,7.45,7.43,7.43,47733,35492536.0
2025-09-05 14:00:00,7.43,7.44,7.43,7.44,48541,36085871.0
2025-09-05 14:05:00,7.43,7.44,7.43,7.44,53790,40001168.0
2025-09-05 14:10:00,7.44,7.45,7.43,7.44,51416,38253558.0
2025-09-05 14:15:00,7.44,7.45,7.43,7.44,40014,29779208.0
2025-09-05 14:20:00,7.45,7.45,7.44,7.45,49772,37047817.0
2025-09-05 14:25:00,7.44,7.45,7.43,7.44,72951,54292622.0
2025-09-05 14:30:00,7.45,7.45,7.44,7.44,68333,50860021.0
2025-09-05 14:35:00,7.45,7.45,7.44,7.45,53068,39497448.0
2025-09-05 14:40:00,7.44,7.45,7.44,7.45,83234,61992093.0
2025-09-05 14:45:00,7.45,7.46,7.44,7.44,68549,51035704.0
2025-09-05 14:50:00,7.44,7.45,7.43,7.43,169685,126281855.0
2025-09-05 14:55:00,7.43,7.44,7.43,7.44,162129,120515381.0
2025-09-05 15:00:00,7.43,7.44,7.43,7.44,181625,135067112.0
2025-09-08 09:35:00,7.41,7.43,7.38,7.42,286182,211870410.0
2025-09-08 09:40:00,7.41,7.43,7.4,7.41,130586,96821083.0
2025-09-08 09:45:00,7.42,7.44,7.41,7.42,159250,118290952.0
2025-09-08 09:50:00,7.41,7.44,7.41,7.43,129269,95936779.0
2025-09-08 09:55:00,7.43,7.43,7.4,7.41,99411,73696232.0
2025-09-08 10:00:00,7.41,7.41,7.38,7.39,216166,159832498.0
2025-09-08 10:05:00,7.38,7.4,7.38,7.39,108324,80006725.0
2025-09-08 10:10:00,7.39,7.39,7.37,7.38,201608,148805441.0
2025-09-08 10:15:00,7.37,7.39,7.37,7.39,80137,59124986.0
2025-09-08 10:20:00,7.38,7.4,7.38,7.4,54708,40401132.0
2025-09-08 10:25:00,7.4,7.4,7.38,7.4,64409,47603638.0
2025-09-08 10:30:00,7.39,7.42,7.39,7.41,80976,59998228.0
2025-09-08 10:35:00,7.41,7.43,7.41,7.42,66797,49549113.0
2025-09-08 10:40:00,7.42,7.44,7.42,7.43,84098,62476559.0
2025-09-08 10:45:00,7.44,7.44,7.42,7.42,76885,57130266.0
2025-09-08 10:50:00,7.43,7.43,7.42,7.42,29294,21740077.0
2025-09-08 10:55:00,7.42,7.43,7.41,7.43,33319,24723919.0
2025-09-08 11:00:00,7.42,7.43,7.4,7.41,46519,34488656.0
2025-09-08 11:05:00,7.41,7.42,7.4,7.41,37245,27591507.0
2025-09-08 11:10:00,7.42,7.43,7.41,7.41,99232,73626339.0
2025-09-08 11:15:00,7.41,7.41,7.4,7.4,31288,23162035.0
2025-09-08 11:20:00,7.41,7.41,7.39,7.4,28143,20824414.0
2025-09-08 11:25:00,7.41,7.41,7.39,7.4,24792,18339605.0
2025-09-08 11:30:00,7.4,7.4,7.39,7.39,22074,16318341.0
2025-09-08 13:05:00,7.4,7.41,7.39,7.4,32315,23914341.0
2025-09-08 13:10:00,7.41,7.41,7.4,7.4,24832,18383492.0
2025-09-08 13:15:00,7.4,7.41,7.39,7.4,47607,35226831.0
2025-09-08 13:20:00,7.4,7.4,7.39,7.39,33487,24752981.0
2025-09-08 13:25:00,7.39,7.4,7.39,7.4,29941,22133610.0
2025-09-08 13:30:00,7.4,7.4,7.39,7.39,26176,19349532.0
2025-09-08 13:35:00,7.4,7.4,7.39,7.4,39145,28941493.0
2025-09-08 13:40:00,7.4,7.41,7.39,7.41,68511,50694513.0
2025-09-08 13:45:00,7.41,7.41,7.4,7.4,26356,19506298.0
2025-09-08 13:50:00,7.41,7.41,7.4,7.4,24436,18089540.0
2025-09-08 13:55:00,7.4,7.42,7.4,7.42,62521,46333358.0
2025-09-08 14:00:00,7.42,7.43,7.41,7.42,31679,23512485.0
2025-09-08 14:05:00,7.42,7.43,7.42,7.42,14946,11095557.0
2025-09-08 14:10:00,7.43,7.43,7.41,7.42,40542,30076668.0
2025-09-08 14:15:00,7.42,7.43,7.41,7.41,100891,74832087.0
2025-09-08 14:20:00,7.41,7.42,7.41,7.42,53744,39844065.0
2025-09-08 14:25:00,7.42,7.42,7.41,7.42,56505,41886895.0
2025-09-08 14:30:00,7.42,7.42,7.4,7.41,55924,41436173.0
2025-09-08 14:35:00,7.41,7.42,7.4,7.42,48645,36062572.0
2025-09-08 14:40:00,7.41,7.42,7.4,7.41,71430,52927696.0
2025-09-08 14:45:00,7.41,7.41,7.4,7.41,58415,43253166.0
2025-09-08 14:50:00,7.41,7.41,7.39,7.39,149290,110450327.0
2025-09-08 14:55:00,7.4,7.4,7.39,7.4,98339,72707949.0
2025-09-08 15:00:00,7.4,7.4,7.39,7.4,156371,115561259.0
2025-09-09 09:35:00,7.39,7.45,7.38,7.43,287603,213532110.0
2025-09-09 09:40:00,7.43,7.45,7.43,7.45,158181,117681575.0
2025-09-09 09:45:00,7.45,7.45,7.43,7.44,86945,64670663.0
2025-09-09 09:50:00,7.44,7.45,7.43,7.44,101150,75282016.0
2025-09-09 09:55:00,7.45,7.46,7.44,7.45,269616,200942268.0
2025-09-09 10:00:00,7.45,7.45,7.44,7.44,68341,50863420.0
2025-09-09 10:05:00,7.45,7.45,7.42,7.42,50780,37714355.0
2025-09-09 10:10:00,7.43,7.43,7.4,7.41,88739,65774462.0
2025-09-09 10:15:00,7.41,7.41,7.39,7.4,80299,59423728.0
2025-09-09 10:20:00,7.4,7.41,7.39,7.4,48795,36095012.0
2025-09-09 10:25:00,7.41,7.41,7.4,7.41,41353,30617150.0
2025-09-09 10:30:00,7.41,7.42,7.4,7.42,26259,19453695.0
2025-09-09 10:35:00,7.42,7.42,7.41,7.42,24943,18484918.0
2025-09-09 10:40:00,7.42,7.43,7.41,7.42,34944,25928922.0
2025-09-09 10:45:00,7.42,7.42,7.41,7.42,16042,11897312.0
2025-09-09 10:50:00,7.42,7.42,7.4,7.41,38709,28684349.0
2025-09-09 10:55:00,7.41,7.42,7.41,7.41,17595,13041208.0
2025-09-09 11:00:00,7.42,7.42,7.4,7.41,58685,43484575.0
2025-09-09 11:05:00,7.4,7.42,7.4,7.42,39551,29303399.0
2025-09-09 11:10:00,7.41,7.42,7.41,7.42,7666,5685648.0
2025-09-09 11:15:00,7.41,7.42,7.41,7.41,19644,14564569.0
2025-09-09 11:20:00,7.42,7.42,7.41,7.42,24182,17939041.0
2025-09-09 11:25:00,7.41,7.43,7.41,7.42,19336,14353432.0
2025-09-09 11:30:00,7.43,7.43,7.41,7.42,27278,20240614.0
2025-09-09 13:05:00,7.42,7.43,7.41,7.43,28817,21381302.0
2025-09-09 13:10:00,7.43,7.43,7.42,7.43,26985,20038044.0
2025-09-09 13:15:00,7.43,7.44,7.42,7.43,45958,34154670.0
2025-09-09 13:20:00,7.43,7.44,7.42,7.43,53924,40068394.0
2025-09-09 13:25:00,7.42,7.43,7.42,7.42,18854,13998987.0
2025-09-09 13:30:00,7.42,7.43,7.41,7.42,36068,26768690.0
2025-09-09 13:35:00,7.42,7.42,7.41,7.42,25153,18651224.0
2025-09-09 13:40:00,7.42,7.42,7.41,7.42,33262,24667858.0
2025-09-09 13:45:00,7.41,7.42,7.41,7.41,31625,23444522.0
2025-09-09 13:50:00,7.42,7.42,7.41,7.41,29185,21636410.0
2025-09-09 13:55:00,7.41,7.42,7.41,7.42,54234,40221828.0
2025-09-09 14:00:00,7.42,7.43,7.41,7.43,41877,31082770.0
2025-09-09 14:05:00,7.43,7.43,7.41,7.43,52459,38929341.0
2025-09-09 14:10:00,7.42,7.43,7.42,7.43,47201,35048254.0
2025-09-09 14:15:00,7.42,7.43,7.42,7.43,40151,29803896.0
2025-09-09 14:20:00,7.42,7.43,7.42,7.43,99802,74098270.0
2025-09-09 14:25:00,7.43,7.44,7.42,7.44,62547,46489829.0
2025-09-09 14:30:00,7.43,7.44,7.43,7.43,41855,31103472.0
2025-09-09 14:35:00,7.44,7.44,7.42,7.42,29082,21590549.0
2025-09-09 14:40:00,7.43,7.44,7.42,7.44,61509,45686845.0
2025-09-09 14:45:00,7.44,7.44,7.42,7.44,25766,19147486.0
2025-09-09 14:50:00,7.43,7.44,7.42,7.43,42286,31425030.0
2025-09-09 14:55:00,7.43,7.44,7.42,7.42,42304,31431434.0
2025-09-09 15:00:00,7.43,7.44,7.42,7.43,55253,41058753.0
2025-09-10 09:35:00,7.44,7.44,7.39,7.41,133562,98933335.0
2025-09-10 09:40:00,7.41,7.42,7.39,7.39,77542,57391399.0
2025-09-10 09:45:00,7.4,7.4,7.38,7.4,95555,70637347.0
2025-09-10 09:50:00,7.39,7.4,7.39,7.39,33037,24428419.0
2025-09-10 09:55:00,7.4,7.41,7.39,7.4,81967,60636165.0
2025-09-10 10:00:00,7.41,7.41,7.4,7.4,48100,35609381.0
2025-09-10 10:05:00,7.41,7.41,7.4,7.41,52449,38817972.0
2025-09-10 10:10:00,7.4,7.43,7.4,7.42,93658,69441631.0
2025-09-10 10:15:00,7.43,7.44,7.42,7.42,48275,35864413.0
2025-09-10 10:20:00,7.42,7.43,7.41,7.42,37952,28162994.0
2025-09-10 10:25:00,7.43,7.43,7.41,7.41,25091,18619054.0
2025-09-10 10:30:00,7.42,7.43,7.41,7.43,14712,10911867.0
2025-09-10 10:35:00,7.42,7.44,7.42,7.44,54675,40617334.0
2025-09-10 10:40:00,7.44,7.45,7.43,7.44,78006,58049719.0
2025-09-10 10:45:00,7.45,7.45,7.43,7.44,41334,30756525.0
2025-09-10 10:50:00,7.43,7.44,7.43,7.43,15193,11295516.0
2025-09-10 10:55:00,7.44,7.45,7.43,7.44,58187,43292552.0
2025-09-10 11:00:00,7.45,7.47,7.44,7.45,261956,195317870.0
2025-09-10 11:05:00,7.44,7.45,7.44,7.44,32839,24443194.0
2025-09-10 11:10:00,7.45,7.46,7.43,7.45,50391,37501862.0
2025-09-10 11:15:00,7.46,7.46,7.44,7.45,23697,17652833.0
2025-09-10 11:20:00,7.45,7.46,7.44,7.45,50736,37797884.0
2025-09-10 11:25:00,7.45,7.46,7.43,7.44,39559,29458927.0
2025-09-10 11:30:00,7.44,7.45,7.43,7.44,51074,37963327.0
2025-09-10 13:05:00,7.43,7.45,7.43,7.44,24394,18143675.0
2025-09-10 13:10:00,7.43,7.44,7.42,7.42,22100,16417092.0
2025-09-10 13:15:00,7.43,7.44,7.42,7.43,58185,43225833.0
2025-09-10 13:20:00,7.42,7.45,7.42,7.44,48200,35849854.0
2025-09-10 13:25:00,7.45,7.45,7.43,7.43,32633,24253142.0
2025-09-10 13:30:00,7.44,7.44,7.43,7.44,46701,34701367.0
2025-09-10 13:35:00,7.44,7.44,7.43,7.44,27195,20218441.0
2025-09-10 13:40:00,7.43,7.46,7.43,7.46,85138,63399074.0
2025-09-10 13:45:00,7.46,7.46,7.45,7.45,43771,32617589.0
2025-09-10 13:50:00,7.45,7.46,7.45,7.45,26294,19593301.0
2025-09-10 13:55:00,7.46,7.46,7.45,7.46,25880,19283431.0
2025-09-10 14:00:00,7.46,7.46,7.45,7.45,33067,24644122.0
2025-09-10 14:05:00,7.46,7.47,7.45,7.46,146686,109426029.0
2025-09-10 14:10:00,7.47,7.47,7.46,7.46,94765,70770227.0
2025-09-10 14:15:00,7.47,7.47,7.46,7.46,46792,34921755.0
2025-09-10 14:20:00,7.46,7.47,7.46,7.47,93860,70099204.0
2025-09-10 14:25:00,7.47,7.48,7.46,7.47,45948,34341194.0
2025-09-10 14:30:00,7.48,7.48,7.47,7.48,60356,45103546.0
2025-09-10 14:35:00,7.48,7.48,7.47,7.47,54019,40368773.0
2025-09-10 14:40:00,7.48,7.48,7.46,7.47,73481,54902900.0
2025-09-10 14:45:00,7.47,7.48,7.47,7.47,61252,45783037.0
2025-09-10 14:50:00,7.47,7.48,7.47,7.47,58849,43968902.0
2025-09-10 14:55:00,7.47,7.47,7.46,7.46,70623,52705781.0
2025-09-10 15:00:00,7.47,7.47,7.45,7.47,106825,79716904.0
2025-09-11 09:35:00,7.46,7.57,7.46,7.57,673468,507199284.0
2025-09-11 09:40:00,7.56,7.58,7.53,7.53,362034,273786438.0
2025-09-11 09:45:00,7.53,7.55,7.51,7.51,195102,146824482.0
2025-09-11 09:50:00,7.52,7.53,7.51,7.52,80225,60304683.0
2025-09-11 09:55:00,7.52,7.53,7.5,7.5,77359,58135336.0
2025-09-11 10:00:00,7.5,7.51,7.48,7.49,139545,104607317.0
2025-09-11 10:05:00,7.49,7.5,7.47,7.49,93100,69674189.0
2025-09-11 10:10:00,7.5,7.5,7.46,7.47,116605,87178420.0
2025-09-11 10:15:00,7.46,7.47,7.45,7.47,153619,114560128.0
2025-09-11 10:20:00,7.46,7.47,7.45,7.45,96641,72027595.0
2025-09-11 10:25:00,7.46,7.46,7.45,7.46,46709,34815954.0
2025-09-11 10:30:00,7.45,7.46,7.45,7.46,141525,105539137.0
2025-09-11 10:35:00,7.45,7.45,7.44,7.44,50708,37757629.0
2025-09-11 10:40:00,7.45,7.45,7.43,7.44,67343,50083623.0
2025-09-11 10:45:00,7.43,7.44,7.43,7.44,67886,50446749.0
2025-09-11 10:50:00,7.44,7.44,7.43,7.43,36597,27203078.0
2025-09-11 10:55:00,7.43,7.44,7.43,7.43,48835,36315966.0
2025-09-11 11:00:00,7.43,7.45,7.43,7.45,84686,62999672.0
2025-09-11 11:05:00,7.44,7.46,7.44,7.45,74060,55148583.0
2025-09-11 11:10:00,7.45,7.45,7.43,7.43,99314,73835134.0
2025-09-11 11:15:00,7.43,7.44,7.42,7.43,71922,53409900.0
2025-09-11 11:20:00,7.43,7.43,7.41,7.42,117729,87367358.0
2025-09-11 11:25:00,7.42,7.42,7.41,7.42,102215,75765344.0
2025-09-11 11:30:00,7.42,7.43,7.41,7.42,98651,73167811.0
2025-09-11 13:05:00,7.42,7.42,7.39,7.41,343545,254354640.0
2025-09-11 13:10:00,7.4,7.41,7.4,7.4,69800,51689808.0
2025-09-11 13:15:00,7.41,7.43,7.41,7.43,117727,87329545.0
2025-09-11 13:20:00,7.42,7.44,7.41,7.44,154343,114546022.0
2025-09-11 13:25:00,7.43,7.44,7.42,7.42,52713,39162981.0
2025-09-11 13:30:00,7.42,7.44,7.42,7.44,53467,39732499.0
2025-09-11 13:35:00,7.43,7.47,7.43,7.46,117690,87648402.0
2025-09-11 13:40:00,7.47,7.48,7.45,7.48,83504,62330914.0
2025-09-11 13:45:00,7.47,7.48,7.46,7.47,63121,47138894.0
2025-09-11 13:50:00,7.46,7.5,7.46,7.47,138379,103579532.0
2025-09-11 13:55:00,7.47,7.48,7.46,7.47,52553,39242992.0
2025-09-11 14:00:00,7.47,7.47,7.46,7.47,37699,28135090.0
2025-09-11 14:05:00,7.47,7.48,7.46,7.47,48628,36333497.0
2025-09-11 14:10:00,7.48,7.49,7.46,7.49,73748,55108289.0
2025-09-11 14:15:00,7.49,7.49,7.47,7.48,68471,51184578.0
2025-09-11 14:20:00,7.47,7.48,7.46,7.47,92383,69018144.0
2025-09-11 14:25:00,7.46,7.47,7.45,7.47,66255,49429261.0
2025-09-11 14:30:00,7.46,7.48,7.46,7.48,75512,56414061.0
2025-09-11 14:35:00,7.48,7.49,7.47,7.49,96661,72368666.0
2025-09-11 14:40:00,7.5,7.5,7.49,7.5,62779,47052338.0
2025-09-11 14:45:00,7.5,7.5,7.49,7.49,44020,32998073.0
2025-09-11 14:50:00,7.49,7.5,7.49,7.5,125970,94448884.0
2025-09-11 14:55:00,7.49,7.51,7.49,7.5,157708,118285770.0
2025-09-11 15:00:00,7.51,7.52,7.5,7.51,122603,92077124.0
2025-09-12 09:35:00,7.49,7.52,7.47,7.49,386339,289756059.0
2025-09-12 09:40:00,7.49,7.5,7.47,7.48,171341,128245796.0
2025-09-12 09:45:00,7.48,7.49,7.45,7.47,160564,119887203.0
2025-09-12 09:50:00,7.46,7.48,7.46,7.47,68231,50998471.0
2025-09-12 09:55:00,7.47,7.5,7.47,7.49,88735,66432363.0
2025-09-12 10:00:00,7.48,7.49,7.48,7.48,49330,36910406.0
2025-09-12 10:05:00,7.49,7.49,7.47,7.47,42327,31658941.0
2025-09-12 10:10:00,7.47,7.5,7.47,7.5,90893,68105031.0
2025-09-12 10:15:00,7.5,7.51,7.49,7.5,56656,42502728.0
2025-09-12 10:20:00,7.51,7.52,7.5,7.51,111202,83536710.0
2025-09-12 10:25:00,7.51,7.52,7.49,7.49,44142,33117477.0
2025-09-12 10:30:00,7.5,7.51,7.49,7.51,38447,28837920.0
2025-09-12 10:35:00,7.5,7.51,7.49,7.49,21042,15775954.0
2025-09-12 10:40:00,7.49,7.51,7.49,7.5,37790,28350323.0
2025-09-12 10:45:00,7.5,7.52,7.5,7.51,70054,52629128.0
2025-09-12 10:50:00,7.51,7.53,7.51,7.53,120837,90892379.0
2025-09-12 10:55:00,7.53,7.53,7.52,7.53,29261,22026240.0
2025-09-12 11:00:00,7.53,7.53,7.52,7.52,32075,24135450.0
2025-09-12 11:05:00,7.52,7.53,7.51,7.52,96617,72662871.0
2025-09-12 11:10:00,7.53,7.54,7.52,7.53,128230,96571853.0
2025-09-12 11:15:00,7.53,7.53,7.51,7.52,31434,23643737.0
2025-09-12 11:20:00,7.52,7.53,7.51,7.52,43717,32870783.0
2025-09-12 11:25:00,7.52,7.52,7.51,7.52,11609,8726739.0
2025-09-12 11:30:00,7.52,7.52,7.51,7.51,14716,11063813.0
2025-09-12 13:05:00,7.52,7.52,7.49,7.5,70747,53088196.0
2025-09-12 13:10:00,7.5,7.5,7.49,7.5,22897,17168244.0
2025-09-12 13:15:00,7.5,7.5,7.49,7.49,15909,11923423.0
2025-09-12 13:20:00,7.49,7.5,7.48,7.48,55389,41485299.0
2025-09-12 13:25:00,7.49,7.5,7.48,7.5,28302,21187561.0
2025-09-12 13:30:00,7.5,7.5,7.48,7.49,31675,23711250.0
2025-09-12 13:35:00,7.48,7.49,7.47,7.48,66102,49437702.0
2025-09-12 13:40:00,7.49,7.49,7.47,7.48,26320,19680854.0
2025-09-12 13:45:00,7.48,7.48,7.47,7.48,38617,28861739.0
2025-09-12 13:50:00,7.48,7.48,7.47,7.48,62650,46818032.0
2025-09-12 13:55:00,7.48,7.48,7.47,7.48,40643,30385166.0
2025-09-12 14:00:00,7.47,7.48,7.47,7.48,28526,21327493.0
2025-09-12 14:05:00,7.48,7.48,7.47,7.48,78280,58502703.0
2025-09-12 14:10:00,7.47,7.48,7.47,7.48,22866,17088765.0
2025-09-12 14:15:00,7.48,7.48,7.46,7.47,64041,47853289.0
2025-09-12 14:20:00,7.47,7.48,7.46,7.47,29481,22017224.0
2025-09-12 14:25:00,7.47,7.47,7.46,7.47,30822,23015866.0
2025-09-12 14:30:00,7.47,7.48,7.46,7.47,36069,26935764.0
2025-09-12 14:35:00,7.47,7.48,7.46,7.48,49208,36739395.0
2025-09-12 14:40:00,7.47,7.48,7.47,7.47,28018,20937382.0
2025-09-12 14:45:00,7.47,7.48,7.46,7.47,48640,36339936.0
2025-09-12 14:50:00,7.47,7.47,7.46,7.46,42917,32034624.0
2025-09-12 14:55:00,7.47,7.47,7.46,7.47,71509,53382374.0
2025-09-12 15:00:00,7.47,7.48,7.46,7.48,57606,43064049.0
2025-09-15 09:35:00,7.45,7.46,7.41,7.43,229377,170423017.0
2025-09-15 09:40:00,7.44,7.44,7.41,7.42,135733,100776174.0
2025-09-15 09:45:00,7.41,7.43,7.41,7.43,103682,76938627.0
2025-09-15 09:50:00,7.42,7.43,7.41,7.41,152763,113287314.0
2025-09-15 09:55:00,7.42,7.42,7.4,7.4,173963,128826526.0
2025-09-15 10:00:00,7.41,7.42,7.4,7.41,95543,70783572.0
2025-09-15 10:05:00,7.41,7.42,7.4,7.41,152430,112883625.0
2025-09-15 10:10:00,7.41,7.41,7.4,7.4,135173,100053220.0
2025-09-15 10:15:00,7.41,7.41,7.4,7.4,38860,28773962.0
2025-09-15 10:20:00,7.41,7.42,7.4,7.4,80348,59532133.0
2025-09-15 10:25:00,7.4,7.41,7.4,7.41,34893,25840792.0
2025-09-15 10:30:00,7.41,7.42,7.4,7.41,50647,37525196.0
2025-09-15 10:35:00,7.42,7.43,7.41,7.42,52514,38957247.0
2025-09-15 10:40:00,7.43,7.43,7.42,7.43,46389,34425849.0
2025-09-15 10:45:00,7.43,7.43,7.42,7.43,22031,16356660.0
2025-09-15 10:50:00,7.43,7.44,7.42,7.44,66775,49633050.0
2025-09-15 10:55:00,7.43,7.45,7.43,7.45,29527,21961031.0
2025-09-15 11:00:00,7.45,7.45,7.44,7.45,15080,11228116.0
2025-09-15 11:05:00,7.44,7.45,7.44,7.45,15533,11563092.0
2025-09-15 11:10:00,7.45,7.46,7.44,7.46,86283,64304146.0
2025-09-15 11:15:00,7.45,7.48,7.45,7.47,134192,100236184.0
2025-09-15 11:20:00,7.47,7.51,7.47,7.5,216931,162545053.0
2025-09-15 11:25:00,7.51,7.51,7.5,7.51,81096,60840501.0
2025-09-15 11:30:00,7.5,7.51,7.49,7.49,46291,34725252.0
2025-09-15 13:05:00,7.5,7.5,7.46,7.47,139403,104256668.0
2025-09-15 13:10:00,7.46,7.47,7.45,7.45,21654,16151578.0
2025-09-15 13:15:00,7.46,7.46,7.45,7.46,15610,11636505.0
2025-09-15 13:20:00,7.45,7.46,7.45,7.45,21816,16258904.0
2025-09-15 13:25:00,7.45,7.45,7.44,7.45,48192,35890611.0
2025-09-15 13:30:00,7.44,7.45,7.44,7.44,28751,21409932.0
2025-09-15 13:35:00,7.45,7.45,7.44,7.45,24024,17879571.0
2025-09-15 13:40:00,7.45,7.45,7.44,7.44,18268,13596613.0
2025-09-15 13:45:00,7.45,7.45,7.44,7.44,12531,9326969.0
2025-09-15 13:50:00,7.45,7.45,7.44,7.44,29796,22169635.0
2025-09-15 13:55:00,7.45,7.45,7.43,7.43,19097,14210169.0
2025-09-15 14:00:00,7.43,7.44,7.43,7.43,27049,20105524.0
2025-09-15 14:05:00,7.44,7.44,7.43,7.44,41667,30967479.0
2025-09-15 14:10:00,7.43,7.44,7.43,7.43,32811,24391364.0
2025-09-15 14:15:00,7.43,7.44,7.42,7.43,38761,28785857.0
2025-09-15 14:20:00,7.42,7.43,7.42,7.43,25409,18860282.0
2025-09-15 14:25:00,7.43,7.43,7.41,7.42,112081,83130076.0
2025-09-15 14:30:00,7.42,7.42,7.41,7.42,49975,37060568.0
2025-09-15 14:35:00,7.42,7.43,7.42,7.43,27919,20723977.0
2025-09-15 14:40:00,7.43,7.43,7.42,7.42,28566,21212902.0
2025-09-15 14:45:00,7.42,7.43,7.42,7.42,114607,85099771.0
2025-09-15 14:50:00,7.43,7.43,7.42,7.43,56369,41865599.0
2025-09-15 14:55:00,7.42,7.43,7.42,7.42,72988,54203250.0
2025-09-15 15:00:00,7.42,7.43,7.42,7.43,92422,68645553.0
2025-09-16 09:35:00,7.41,7.45,7.41,7.43,148287,110263904.0
2025-09-16 09:40:00,7.42,7.44,7.41,7.41,69991,51963426.0
2025-09-16 09:45:00,7.42,7.45,7.41,7.44,77269,57426612.0
2025-09-16 09:50:00,7.43,7.44,7.41,7.42,89822,66643580.0
2025-09-16 09:55:00,7.42,7.43,7.41,7.42,75733,56184354.0
2025-09-16 10:00:00,7.42,7.44,7.42,7.43,54363,40401898.0
2025-09-16 10:05:00,7.43,7.45,7.43,7.44,60759,45229420.0
2025-09-16 10:10:00,7.44,7.45,7.43,7.43,46036,34248822.0
2025-09-16 10:15:00,7.44,7.44,7.43,7.44,17451,12976673.0
2025-09-16 10:20:00,7.43,7.44,7.43,7.43,26815,19941683.0
2025-09-16 10:25:00,7.44,7.44,7.43,7.44,51955,38625322.0
2025-09-16 10:30:00,7.43,7.45,7.43,7.44,93478,69564825.0
2025-09-16 10:35:00,7.45,7.46,7.44,7.45,135789,101198540.0
2025-09-16 10:40:00,7.46,7.48,7.46,7.46,185663,138671567.0
2025-09-16 10:45:00,7.47,7.48,7.46,7.47,66233,49473095.0
2025-09-16 10:50:00,7.48,7.49,7.47,7.48,199041,148976880.0
2025-09-16 10:55:00,7.48,7.49,7.48,7.49,91557,68535937.0
2025-09-16 11:00:00,7.48,7.49,7.48,7.48,78418,58666250.0
2025-09-16 11:05:00,7.48,7.48,7.46,7.47,61996,46324192.0
2025-09-16 11:10:00,7.47,7.47,7.46,7.46,16877,12598320.0
2025-09-16 11:15:00,7.47,7.47,7.46,7.46,21683,16181043.0
2025-09-16 11:20:00,7.47,7.47,7.46,7.46,59601,44504977.0
2025-09-16 11:25:00,7.47,7.48,7.46,7.47,23793,17776486.0
2025-09-16 11:30:00,7.48,7.48,7.47,7.47,37600,28090922.0
2025-09-16 13:05:00,7.48,7.49,7.47,7.48,95469,71410589.0
2025-09-16 13:10:00,7.49,7.49,7.47,7.48,33531,25073296.0
2025-09-16 13:15:00,7.47,7.48,7.46,7.47,42416,31687935.0
2025-09-16 13:20:00,7.47,7.47,7.46,7.47,25300,18877625.0
2025-09-16 13:25:00,7.46,7.47,7.46,7.46,21169,15796496.0
2025-09-16 13:30:00,7.46,7.47,7.46,7.47,42622,31831298.0
2025-09-16 13:35:00,7.47,7.47,7.46,7.47,14580,10882950.0
2025-09-16 13:40:00,7.47,7.47,7.46,7.46,19521,14573212.0
2025-09-16 13:45:00,7.47,7.47,7.45,7.46,46423,34633357.0
2025-09-16 13:50:00,7.46,7.46,7.45,7.45,22171,16532516.0
2025-09-16 13:55:00,7.45,7.47,7.45,7.46,19465,14517002.0
2025-09-16 14:00:00,7.46,7.46,7.45,7.46,12602,9395930.0
2025-09-16 14:05:00,7.46,7.46,7.44,7.44,73536,54770172.0
2025-09-16 14:10:00,7.44,7.45,7.43,7.43,48586,36135640.0
2025-09-16 14:15:00,7.44,7.45,7.43,7.43,43012,31991954.0
2025-09-16 14:20:00,7.44,7.45,7.43,7.44,31209,23216879.0
2025-09-16 14:25:00,7.43,7.44,7.43,7.43,53393,39685936.0
2025-09-16 14:30:00,7.43,7.44,7.43,7.44,29298,21786948.0
2025-09-16 14:35:00,7.43,7.44,7.43,7.43,21996,16358372.0
2025-09-16 14:40:00,7.44,7.44,7.42,7.42,120618,89624834.0
2025-09-16 14:45:00,7.43,7.44,7.42,7.43,45116,33516750.0
2025-09-16 14:50:00,7.43,7.44,7.43,7.44,53356,39668462.0
2025-09-16 14:55:00,7.43,7.44,7.43,7.44,105215,78240991.0
2025-09-16 15:00:00,7.44,7.45,7.43,7.45,82662,61536594.0
2025-09-17 09:35:00,7.42,7.45,7.41,7.44,181105,134543783.0
2025-09-17 09:40:00,7.44,7.45,7.42,7.43,117009,86964295.0
2025-09-17 09:45:00,7.43,7.44,7.42,7.43,48598,36099234.0
2025-09-17 09:50:00,7.43,7.43,7.41,7.41,122573,90933941.0
2025-09-17 09:55:00,7.42,7.42,7.4,7.41,163374,121010940.0
2025-09-17 10:00:00,7.4,7.42,7.4,7.42,83559,61882209.0
2025-09-17 10:05:00,7.42,7.42,7.4,7.41,101145,74938700.0
2025-09-17 10:10:00,7.41,7.42,7.41,7.41,25475,18883727.0
2025-09-17 10:15:00,7.41,7.42,7.41,7.41,24979,18514713.0
2025-09-17 10:20:00,7.42,7.42,7.41,7.41,25228,18700732.0
2025-09-17 10:25:00,7.41,7.42,7.41,7.42,26548,19693031.0
2025-09-17 10:30:00,7.42,7.43,7.41,7.42,46680,34653002.0
2025-09-17 10:35:00,7.43,7.44,7.42,7.44,19944,14827392.0
2025-09-17 10:40:00,7.43,7.44,7.43,7.44,42116,31304755.0
2025-09-17 10:45:00,7.43,7.44,7.42,7.43,46890,34829417.0
2025-09-17 10:50:00,7.42,7.43,7.42,7.43,13408,9956961.0
2025-09-17 10:55:00,7.43,7.44,7.42,7.44,45876,34099923.0
2025-09-17 11:00:00,7.43,7.44,7.43,7.44,38380,28550509.0
2025-09-17 11:05:00,7.44,7.44,7.42,7.43,63169,46930913.0
2025-09-17 11:10:00,7.43,7.43,7.42,7.42,34215,25404234.0
2025-09-17 11:15:00,7.43,7.43,7.42,7.42,25219,18727160.0
2025-09-17 11:20:00,7.43,7.44,7.42,7.44,33575,24943826.0
2025-09-17 11:25:00,7.44,7.44,7.43,7.43,27721,20618187.0
2025-09-17 11:30:00,7.44,7.45,7.43,7.44,43907,32686016.0
2025-09-17 13:05:00,7.45,7.45,7.43,7.44,91124,67795310.0
2025-09-17 13:10:00,7.44,7.45,7.43,7.45,21798,16228165.0
2025-09-17 13:15:00,7.45,7.46,7.44,7.45,107847,80343997.0
2025-09-17 13:20:00,7.45,7.45,7.44,7.45,14618,10887531.0
2025-09-17 13:25:00,7.44,7.45,7.43,7.44,49057,36501541.0
2025-09-17 13:30:00,7.45,7.45,7.44,7.45,22164,16508678.0
2025-09-17 13:35:00,7.45,7.45,7.44,7.45,13133,9779550.0
2025-09-17 13:40:00,7.44,7.45,7.44,7.45,16192,12057646.0
2025-09-17 13:45:00,7.45,7.46,7.44,7.45,53651,39969706.0
2025-09-17 13:50:00,7.46,7.46,7.45,7.45,28018,20885929.0
2025-09-17 13:55:00,7.45,7.46,7.44,7.45,63989,47683280.0
2025-09-17 14:00:00,7.45,7.45,7.44,7.45,29086,21664345.0
2025-09-17 14:05:00,7.45,7.46,7.44,7.46,22828,17011139.0
2025-09-17 14:10:00,7.46,7.46,7.45,7.45,13614,10152350.0
2025-09-17 14:15:00,7.46,7.46,7.45,7.45,20818,15519353.0
2025-09-17 14:20:00,7.45,7.46,7.45,7.45,21130,15754963.0
2025-09-17 14:25:00,7.45,7.46,7.44,7.45,146801,109368362.0
2025-09-17 14:30:00,7.45,7.46,7.44,7.45,45434,33841542.0
2025-09-17 14:35:00,7.45,7.45,7.44,7.44,30817,22942943.0
2025-09-17 14:40:00,7.45,7.45,7.44,7.44,24613,18324556.0
2025-09-17 14:45:00,7.45,7.45,7.44,7.44,63878,47581999.0
2025-09-17 14:50:00,7.44,7.45,7.44,7.45,27517,20492970.0
2025-09-17 14:55:00,7.45,7.45,7.44,7.44,52137,38828999.0
2025-09-17 15:00:00,7.44,7.46,7.44,7.46,94885,70754839.0
2025-09-18 09:35:00,7.45,7.46,7.44,7.45,121115,90215405.0
2025-09-18 09:40:00,7.43,7.45,7.42,7.45,87332,64958124.0
2025-09-18 09:45:00,7.45,7.46,7.44,7.44,57519,42825943.0
2025-09-18 09:50:00,7.44,7.45,7.43,7.44,47696,35483430.0
2025-09-18 09:55:00,7.44,7.45,7.43,7.43,62263,46289980.0
2025-09-18 10:00:00,7.43,7.44,7.42,7.43,47065,34967183.0
2025-09-18 10:05:00,7.43,7.43,7.42,7.42,45329,33669115.0
2025-09-18 10:10:00,7.43,7.44,7.42,7.44,47209,35099816.0
2025-09-18 10:15:00,7.44,7.44,7.42,7.44,61236,45508521.0
2025-09-18 10:20:00,7.43,7.44,7.43,7.44,59326,44108779.0
2025-09-18 10:25:00,7.43,7.44,7.41,7.42,155847,115652416.0
2025-09-18 10:30:00,7.42,7.42,7.4,7.41,222685,164971136.0
2025-09-18 10:35:00,7.4,7.41,7.39,7.4,225511,166851401.0
2025-09-18 10:40:00,7.4,7.41,7.39,7.4,70031,51810886.0
2025-09-18 10:45:00,7.39,7.4,7.38,7.39,178895,132229601.0
2025-09-18 10:50:00,7.39,7.39,7.38,7.39,76620,56572337.0
2025-09-18 10:55:00,7.39,7.39,7.37,7.37,154208,113793510.0
2025-09-18 11:00:00,7.38,7.39,7.37,7.38,78221,57710543.0
2025-09-18 11:05:00,7.39,7.39,7.37,7.38,54297,40063558.0
2025-09-18 11:10:00,7.37,7.38,7.37,7.37,68855,50763889.0
2025-09-18 11:15:00,7.38,7.38,7.37,7.38,58207,42952911.0
2025-09-18 11:20:00,7.38,7.39,7.37,7.38,35450,26156078.0
2025-09-18 11:25:00,7.39,7.39,7.38,7.39,16905,12485043.0
2025-09-18 11:30:00,7.38,7.39,7.37,7.37,82688,61007066.0
2025-09-18 13:05:00,7.38,7.38,7.35,7.36,303751,223738282.0
2025-09-18 13:10:00,7.36,7.37,7.35,7.37,80413,59182898.0
2025-09-18 13:15:00,7.37,7.37,7.35,7.37,86762,63870238.0
2025-09-18 13:20:00,7.36,7.38,7.36,7.37,42299,31162526.0
2025-09-18 13:25:00,7.38,7.38,7.36,7.36,61744,45509585.0
2025-09-18 13:30:00,7.37,7.37,7.36,7.37,75540,55629363.0
2025-09-18 13:35:00,7.36,7.36,7.35,7.36,105422,77533975.0
2025-09-18 13:40:00,7.36,7.36,7.33,7.34,258332,189754984.0
2025-09-18 13:45:00,7.34,7.35,7.33,7.34,70766,51935243.0
2025-09-18 13:50:00,7.34,7.34,7.33,7.34,56722,41615090.0
2025-09-18 13:55:00,7.33,7.34,7.33,7.33,98086,71939140.0
2025-09-18 14:00:00,7.34,7.34,7.32,7.32,160690,117748674.0
2025-09-18 14:05:00,7.32,7.33,7.32,7.33,122106,89410614.0
2025-09-18 14:10:00,7.32,7.33,7.32,7.32,136764,100148105.0
2025-09-18 14:15:00,7.32,7.32,7.3,7.32,254494,186069177.0
2025-09-18 14:20:00,7.32,7.32,7.31,7.31,94270,68943884.0
2025-09-18 14:25:00,7.31,7.32,7.31,7.32,97477,71283119.0
2025-09-18 14:30:00,7.31,7.32,7.3,7.32,206009,150621132.0
2025-09-18 14:35:00,7.32,7.32,7.31,7.31,70811,51792799.0
2025-09-18 14:40:00,7.31,7.32,7.3,7.3,122115,89270830.0
2025-09-18 14:45:00,7.31,7.31,7.29,7.3,214122,156299226.0
2025-09-18 14:50:00,7.29,7.3,7.28,7.28,175659,128016639.0
2025-09-18 14:55:00,7.29,7.3,7.28,7.29,144377,105296337.0
2025-09-18 15:00:00,7.3,7.3,7.28,7.29,144569,105389963.0
2025-09-19 09:35:00,7.28,7.28,7.2,7.25,386932,280073703.0
2025-09-19 09:40:00,7.24,7.26,7.22,7.24,236385,171046231.0
2025-09-19 09:45:00,7.25,7.26,7.23,7.26,124753,90436383.0
2025-09-19 09:50:00,7.26,7.26,7.23,7.24,118358,85749410.0
2025-09-19 09:55:00,7.23,7.25,7.23,7.24,61460,44469728.0
2025-09-19 10:00:00,7.23,7.24,7.23,7.24,49395,35741924.0
2025-09-19 10:05:00,7.23,7.24,7.2,7.2,208008,150074051.0
2025-09-19 10:10:00,7.21,7.21,7.18,7.18,240109,172845173.0
2025-09-19 10:15:00,7.18,7.19,7.15,7.15,254512,182397954.0
2025-09-19 10:20:00,7.15,7.16,7.15,7.16,198129,141784118.0
2025-09-19 10:25:00,7.15,7.16,7.15,7.16,83857,60015376.0
2025-09-19 10:30:00,7.15,7.16,7.12,7.13,263620,188287449.0
2025-09-19 10:35:00,7.12,7.15,7.12,7.14,188494,134395654.0
2025-09-19 10:40:00,7.13,7.14,7.13,7.14,107817,76946848.0
2025-09-19 10:45:00,7.13,7.14,7.13,7.14,117946,84135744.0
2025-09-19 10:50:00,7.13,7.15,7.13,7.15,104319,74488692.0
2025-09-19 10:55:00,7.14,7.18,7.14,7.18,138293,99098133.0
2025-09-19 11:00:00,7.18,7.18,7.17,7.17,62593,44920760.0
2025-09-19 11:05:00,7.17,7.18,7.17,7.18,47211,33868679.0
2025-09-19 11:10:00,7.17,7.19,7.17,7.17,58996,42364703.0
2025-09-19 11:15:00,7.17,7.19,7.16,7.18,64325,46130450.0
2025-09-19 11:20:00,7.18,7.2,7.18,7.19,62498,44937193.0
2025-09-19 11:25:00,7.19,7.2,7.18,7.2,36510,26263523.0
2025-09-19 11:30:00,7.19,7.22,7.19,7.22,104302,75210257.0
2025-09-19 13:05:00,7.22,7.23,7.21,7.23,110727,79935072.0
2025-09-19 13:10:00,7.22,7.23,7.2,7.2,67609,48769563.0
2025-09-19 13:15:00,7.19,7.22,7.19,7.21,80920,58307236.0
2025-09-19 13:20:00,7.21,7.23,7.21,7.21,57632,41621648.0
2025-09-19 13:25:00,7.21,7.22,7.2,7.2,24013,17306738.0
2025-09-19 13:30:00,7.2,7.22,7.2,7.21,66189,47711552.0
2025-09-19 13:35:00,7.22,7.23,7.21,7.22,71750,51811304.0
2025-09-19 13:40:00,7.22,7.24,7.21,7.23,69432,50184764.0
2025-09-19 13:45:00,7.24,7.24,7.23,7.24,53076,38394549.0
2025-09-19 13:50:00,7.23,7.24,7.22,7.23,54402,39344587.0
2025-09-19 13:55:00,7.23,7.24,7.22,7.23,29299,21185126.0
2025-09-19 14:00:00,7.22,7.25,7.22,7.24,69423,50253906.0
2025-09-19 14:05:00,7.24,7.26,7.24,7.25,54645,39615529.0
2025-09-19 14:10:00,7.25,7.26,7.23,7.24,68984,49976403.0
2025-09-19 14:15:00,7.23,7.24,7.23,7.23,21509,15558882.0
2025-09-19 14:20:00,7.23,7.24,7.23,7.24,23263,16832068.0
2025-09-19 14:25:00,7.23,7.24,7.23,7.23,25933,18762824.0
2025-09-19 14:30:00,7.24,7.24,7.23,7.23,45600,32994307.0
2025-09-19 14:35:00,7.23,7.25,7.23,7.24,58723,42507834.0
2025-09-19 14:40:00,7.25,7.25,7.24,7.24,29088,21077169.0
2025-09-19 14:45:00,7.25,7.26,7.24,7.24,82367,59696801.0
2025-09-19 14:50:00,7.25,7.26,7.24,7.25,64599,46837146.0
2025-09-19 14:55:00,7.25,7.25,7.24,7.25,45386,32876935.0
2025-09-19 15:00:00,7.24,7.25,7.2,7.2,213705,153961279.0
